{"cameraMode":{"drawMode":0,"name":"Shaded","section":"Shading Mode"},"sceneLighting":false,"audioPlay":false,"sceneViewState":{"m_AlwaysRefresh":false,"showFog":true,"showSkybox":false,"showFlares":true,"showImageEffects":true,"showParticleSystems":true,"showVisualEffectGraphs":true,"m_FxEnabled":true},"in2DMode":false,"pivot":{"x":-0.13071781396865846,"y":-0.11126232147216797,"z":0.03905606269836426},"rotation":{"x":0.1359047144651413,"y":-0.8316869139671326,"z":0.2328658252954483,"w":0.48539939522743227},"size":3.608686923980713,"orthographic":false}